{" ": 1, "a": 2, "r": 3, "i": 4, "n": 5, "e": 6, "s": 7, "ð": 8, "t": 9, "u": 10, "g": 11, "l": 12, "m": 13, "f": 14, "k": 15, "v": 16, "á": 17, "þ": 18, "h": 19, "o": 20, "í": 21, ".": 22, "d": 23, "j": 24, "æ": 25, "y": 26, "ö": 27, "ó": 28, "b": 29, "é": 30, ",": 31, "p": 32, "ú": 33, "Þ": 34, "ý": 35, "É": 36, "E": 37, "V": 38, "H": 39, "S": 40, "0": 41, "F": 42, "1": 43, "A": 44, "2": 45, "Í": 46, "M": 47, "?": 48, "-": 49, "B": 50, ":": 51, ")": 52, "(": 53, "N": 54, "L": 55, "G": 56, "5": 57, "x": 58, "T": 59, "3": 60, "R": 61, "Á": 62, "4": 63, "K": 64, "%": 65, "J": 66, "6": 67, "8": 68, "7": 69, "9": 70, "O": 71, "“": 72, "„": 73, "P": 74, "U": 75, "–": 76, "D": 77, "I": 78, "/": 79, "c": 80, "Ó": 81, ";": 82, "C": 83, "Ö": 84, "Ú": 85, "…": 86, "Æ": 87, "w": 88, "[": 89, "]": 90, "z": 91, "W": 92, "_": 93, "Y": 94, "Ý": 95, "X": 96, "&": 97, "ä": 98, "!": 99, "q": 100, "'": 101, "´": 102, "Z": 103, "à": 104, "Q": 105, "+": 106, "ø": 107, "å": 108, "÷": 109, "²": 110, "ã": 111, "³": 112, "<": 113, "ç": 114, "ë": 115, "Å": 116, "°": 117, "”": 118, "<s>": 119}